{"cameraMode":{"drawMode":0,"name":"Shaded","section":"Shading Mode"},"sceneLighting":true,"audioPlay":false,"sceneViewState":{"showFog":true,"showMaterialUpdate":false,"showSkybox":true,"showFlares":true,"showImageEffects":true,"showParticleSystems":true,"showVisualEffectGraphs":true,"m_FxEnabled":true},"in2DMode":false,"pivot":{"x":3.1807193756103517,"y":0.28918886184692385,"z":-0.07052299380302429},"rotation":{"x":0.0023969460744410755,"y":0.9750060439109802,"z":-0.22193345427513123,"w":0.010531553998589516},"size":1.633882761001587,"orthographic":false}